"account_id","industry","plan_tier","mrr_amount","billing_frequency","churn_date","reason_code","preceding_downgrade_flag"
A-00bed1,Cybersecurity,Basic,5572,annual,"2024-01-03",unknown,False
A-00bed1,Cybersecurity,Basic,0,monthly,"2024-01-03",unknown,False
A-00bed1,Cybersecurity,Basic,1764,annual,"2024-01-03",unknown,False
A-00bed1,Cybersecurity,Basic,1159,annual,"2024-01-03",unknown,False
A-00bed1,Cybersecurity,Basic,9751,annual,"2024-01-03",unknown,False
A-00bed1,Cybersecurity,Basic,5572,annual,"2024-01-03",unknown,False
A-00bed1,Cybersecurity,Basic,1372,monthly,"2024-01-03",unknown,False
A-00bed1,Cybersecurity,Basic,5572,monthly,"2024-01-03",unknown,False
A-00bed1,Cybersecurity,Basic,1372,annual,"2024-01-03",unknown,False
A-00bed1,Cybersecurity,Basic,1372,monthly,"2024-01-03",unknown,False
A-00cac8,HealthTech,Enterprise,0,annual,,,
A-00cac8,HealthTech,Enterprise,152,annual,,,
A-00cac8,HealthTech,Enterprise,152,monthly,,,
A-00cac8,HealthTech,Enterprise,361,annual,,,
A-00cac8,HealthTech,Enterprise,931,annual,,,
A-00cac8,HealthTech,Enterprise,7761,monthly,,,
A-00cac8,HealthTech,Enterprise,3980,monthly,,,
A-00cac8,HealthTech,Enterprise,392,monthly,,,
A-00cac8,HealthTech,Enterprise,392,monthly,,,
A-0158bb,FinTech,Basic,0,monthly,,,
A-0158bb,FinTech,Basic,2205,annual,,,
A-0158bb,FinTech,Basic,0,monthly,,,
A-0158bb,FinTech,Basic,1029,monthly,,,
A-0158bb,FinTech,Basic,171,annual,,,
A-0158bb,FinTech,Basic,665,monthly,,,
A-016043,EdTech,Basic,2587,annual,"2024-08-11",competitor,False
A-016043,EdTech,Basic,0,annual,"2024-08-11",competitor,False
A-016043,EdTech,Basic,209,annual,"2024-08-11",competitor,False
A-016043,EdTech,Basic,1323,annual,"2024-08-11",competitor,False
A-016043,EdTech,Basic,114,annual,"2024-08-11",competitor,False
A-016043,EdTech,Basic,494,monthly,"2024-08-11",competitor,False
A-016043,EdTech,Basic,247,monthly,"2024-08-11",competitor,False
A-016043,EdTech,Basic,2786,monthly,"2024-08-11",competitor,False
A-016043,EdTech,Basic,0,monthly,"2024-08-11",competitor,False
A-016043,EdTech,Basic,4776,annual,"2024-08-11",competitor,False
A-016043,EdTech,Basic,3980,annual,"2024-08-11",competitor,False
A-019782,DevTools,Enterprise,0,annual,,,
A-019782,DevTools,Enterprise,2587,annual,,,
A-019782,DevTools,Enterprise,266,annual,,,
A-019782,DevTools,Enterprise,539,monthly,,,
A-019782,DevTools,Enterprise,735,monthly,,,
A-019782,DevTools,Enterprise,3184,annual,,,
A-019782,DevTools,Enterprise,833,annual,,,
A-019782,DevTools,Enterprise,209,annual,,,
A-019782,DevTools,Enterprise,0,annual,,,
A-029f69,Cybersecurity,Basic,4776,annual,"2024-12-14",competitor,False
A-029f69,Cybersecurity,Basic,597,annual,"2024-12-14",competitor,False
A-029f69,Cybersecurity,Basic,0,annual,"2024-12-14",competitor,False
A-029f69,Cybersecurity,Basic,597,annual,"2024-12-14",competitor,False
A-029f69,Cybersecurity,Basic,1029,annual,"2024-12-14",competitor,False
A-029f69,Cybersecurity,Basic,490,annual,"2024-12-14",competitor,False
A-029f69,Cybersecurity,Basic,147,annual,"2024-12-14",competitor,False
A-029f69,Cybersecurity,Basic,1323,monthly,"2024-12-14",competitor,False
A-029f69,Cybersecurity,Basic,2985,annual,"2024-12-14",competitor,False
A-029f69,Cybersecurity,Basic,0,monthly,"2024-12-14",competitor,False
A-029f69,Cybersecurity,Basic,133,monthly,"2024-12-14",competitor,False
A-029f69,Cybersecurity,Basic,646,annual,"2024-12-14",competitor,False
A-029f69,Cybersecurity,Basic,1274,annual,"2024-12-14",competitor,False
A-029f69,Cybersecurity,Basic,147,annual,"2024-12-14",competitor,False
A-029f69,Cybersecurity,Basic,209,monthly,"2024-12-14",competitor,False
A-029f69,Cybersecurity,Basic,285,monthly,"2024-12-14",competitor,False
A-029f69,Cybersecurity,Basic,4776,annual,"2024-06-17",budget,False
A-029f69,Cybersecurity,Basic,597,annual,"2024-06-17",budget,False
A-029f69,Cybersecurity,Basic,0,annual,"2024-06-17",budget,False
A-029f69,Cybersecurity,Basic,597,annual,"2024-06-17",budget,False
A-029f69,Cybersecurity,Basic,1029,annual,"2024-06-17",budget,False
A-029f69,Cybersecurity,Basic,490,annual,"2024-06-17",budget,False
A-029f69,Cybersecurity,Basic,147,annual,"2024-06-17",budget,False
A-029f69,Cybersecurity,Basic,1323,monthly,"2024-06-17",budget,False
A-029f69,Cybersecurity,Basic,2985,annual,"2024-06-17",budget,False
A-029f69,Cybersecurity,Basic,0,monthly,"2024-06-17",budget,False
A-029f69,Cybersecurity,Basic,133,monthly,"2024-06-17",budget,False
A-029f69,Cybersecurity,Basic,646,annual,"2024-06-17",budget,False
A-029f69,Cybersecurity,Basic,1274,annual,"2024-06-17",budget,False
A-029f69,Cybersecurity,Basic,147,annual,"2024-06-17",budget,False
A-029f69,Cybersecurity,Basic,209,monthly,"2024-06-17",budget,False
A-029f69,Cybersecurity,Basic,285,monthly,"2024-06-17",budget,False
A-029f69,Cybersecurity,Basic,4776,annual,"2024-10-31",competitor,False
A-029f69,Cybersecurity,Basic,597,annual,"2024-10-31",competitor,False
A-029f69,Cybersecurity,Basic,0,annual,"2024-10-31",competitor,False
A-029f69,Cybersecurity,Basic,597,annual,"2024-10-31",competitor,False
A-029f69,Cybersecurity,Basic,1029,annual,"2024-10-31",competitor,False
A-029f69,Cybersecurity,Basic,490,annual,"2024-10-31",competitor,False
A-029f69,Cybersecurity,Basic,147,annual,"2024-10-31",competitor,False
A-029f69,Cybersecurity,Basic,1323,monthly,"2024-10-31",competitor,False
A-029f69,Cybersecurity,Basic,2985,annual,"2024-10-31",competitor,False
A-029f69,Cybersecurity,Basic,0,monthly,"2024-10-31",competitor,False
A-029f69,Cybersecurity,Basic,133,monthly,"2024-10-31",competitor,False
A-029f69,Cybersecurity,Basic,646,annual,"2024-10-31",competitor,False
A-029f69,Cybersecurity,Basic,1274,annual,"2024-10-31",competitor,False
A-029f69,Cybersecurity,Basic,147,annual,"2024-10-31",competitor,False
A-029f69,Cybersecurity,Basic,209,monthly,"2024-10-31",competitor,False
A-029f69,Cybersecurity,Basic,285,monthly,"2024-10-31",competitor,False
A-02cd81,HealthTech,Basic,8756,monthly,"2024-04-30",pricing,False
A-02cd81,HealthTech,Basic,0,monthly,"2024-04-30",pricing,False
A-02cd81,HealthTech,Basic,836,annual,"2024-04-30",pricing,False
A-02cd81,HealthTech,Basic,2156,monthly,"2024-04-30",pricing,False
A-02cd81,HealthTech,Basic,8756,annual,"2024-04-30",pricing,False
A-02cd81,HealthTech,Basic,0,annual,"2024-04-30",pricing,False
A-02cd81,HealthTech,Basic,2156,annual,"2024-04-30",pricing,False
A-02cd81,HealthTech,Basic,2156,monthly,"2024-04-30",pricing,False
A-02cd81,HealthTech,Basic,836,annual,"2024-04-30",pricing,False
A-02cd81,HealthTech,Basic,2156,annual,"2024-04-30",pricing,False
A-02cd81,HealthTech,Basic,2156,annual,"2024-04-30",pricing,False
A-02cd81,HealthTech,Basic,0,annual,"2024-04-30",pricing,False
A-02cd81,HealthTech,Basic,836,annual,"2024-04-30",pricing,False
A-02cd81,HealthTech,Basic,2156,annual,"2024-04-30",pricing,False
A-02fac6,FinTech,Pro,4577,annual,"2024-08-21",support,False
A-02fac6,FinTech,Pro,1078,monthly,"2024-08-21",support,False
A-02fac6,FinTech,Pro,4378,annual,"2024-08-21",support,False
A-02fac6,FinTech,Pro,4378,monthly,"2024-08-21",support,False
A-02fac6,FinTech,Pro,1078,monthly,"2024-08-21",support,False
A-02fac6,FinTech,Pro,1078,monthly,"2024-08-21",support,False
A-02fac6,FinTech,Pro,418,monthly,"2024-08-21",support,False
A-02fac6,FinTech,Pro,1078,monthly,"2024-08-21",support,False
A-02fac6,FinTech,Pro,1078,annual,"2024-08-21",support,False
A-02fac6,FinTech,Pro,4378,monthly,"2024-08-21",support,False
A-02fac6,FinTech,Pro,2891,monthly,"2024-08-21",support,False
A-034368,EdTech,Enterprise,551,monthly,"2024-08-29",features,False
A-034368,EdTech,Enterprise,4577,monthly,"2024-08-29",features,False
A-034368,EdTech,Enterprise,5572,annual,"2024-08-29",features,False
A-034368,EdTech,Enterprise,494,monthly,"2024-08-29",features,False
A-034368,EdTech,Enterprise,0,monthly,"2024-08-29",features,False
A-0354fe,Cybersecurity,Basic,0,annual,"2024-11-26",support,True
A-0354fe,Cybersecurity,Basic,646,annual,"2024-11-26",support,True
A-0354fe,Cybersecurity,Basic,646,monthly,"2024-11-26",support,True
A-0354fe,Cybersecurity,Basic,646,monthly,"2024-11-26",support,True
A-0354fe,Cybersecurity,Basic,6766,monthly,"2024-11-26",support,True
A-0354fe,Cybersecurity,Basic,6766,monthly,"2024-11-26",support,True
A-0354fe,Cybersecurity,Basic,0,annual,"2024-11-26",support,True
A-0354fe,Cybersecurity,Basic,0,annual,"2024-11-15",unknown,False
A-0354fe,Cybersecurity,Basic,646,annual,"2024-11-15",unknown,False
A-0354fe,Cybersecurity,Basic,646,monthly,"2024-11-15",unknown,False
A-0354fe,Cybersecurity,Basic,646,monthly,"2024-11-15",unknown,False
A-0354fe,Cybersecurity,Basic,6766,monthly,"2024-11-15",unknown,False
A-0354fe,Cybersecurity,Basic,6766,monthly,"2024-11-15",unknown,False
A-0354fe,Cybersecurity,Basic,0,annual,"2024-11-15",unknown,False
A-038089,DevTools,Pro,245,annual,"2024-12-25",features,False
A-038089,DevTools,Pro,1764,monthly,"2024-12-25",features,False
A-038089,DevTools,Pro,95,annual,"2024-12-25",features,False
A-038089,DevTools,Pro,245,annual,"2024-10-21",competitor,False
A-038089,DevTools,Pro,1764,monthly,"2024-10-21",competitor,False
A-038089,DevTools,Pro,95,annual,"2024-10-21",competitor,False
A-039727,EdTech,Pro,4975,annual,"2024-12-22",pricing,False
A-039727,EdTech,Pro,475,annual,"2024-12-22",pricing,False
A-039727,EdTech,Pro,0,annual,"2024-12-22",pricing,False
A-039727,EdTech,Pro,1225,monthly,"2024-12-22",pricing,False
A-039727,EdTech,Pro,5970,annual,"2024-12-22",pricing,False
A-039727,EdTech,Pro,475,annual,"2024-12-22",pricing,False
A-039727,EdTech,Pro,475,annual,"2024-12-22",pricing,False
A-039727,EdTech,Pro,1225,monthly,"2024-12-22",pricing,False
A-039727,EdTech,Pro,4975,monthly,"2024-12-22",pricing,False
A-039727,EdTech,Pro,1225,annual,"2024-12-22",pricing,False
A-039727,EdTech,Pro,475,monthly,"2024-12-22",pricing,False
A-039727,EdTech,Pro,4975,monthly,"2024-12-22",pricing,False
A-039727,EdTech,Pro,4975,annual,"2024-12-22",pricing,False
A-039727,EdTech,Pro,0,annual,"2024-12-22",pricing,False
A-039727,EdTech,Pro,4975,annual,"2024-12-22",pricing,False
A-0532a9,FinTech,Pro,1029,monthly,"2024-10-09",pricing,False
A-0532a9,FinTech,Pro,361,monthly,"2024-10-09",pricing,False
A-0532a9,FinTech,Pro,931,annual,"2024-10-09",pricing,False
A-0532a9,FinTech,Pro,361,annual,"2024-10-09",pricing,False
A-0532a9,FinTech,Pro,5373,annual,"2024-10-09",pricing,False
A-0532a9,FinTech,Pro,361,annual,"2024-10-09",pricing,False
A-0532a9,FinTech,Pro,1274,monthly,"2024-10-09",pricing,False
A-0532a9,FinTech,Pro,4179,annual,"2024-10-09",pricing,False
A-0532a9,FinTech,Pro,361,annual,"2024-10-09",pricing,False
A-0532a9,FinTech,Pro,931,annual,"2024-10-09",pricing,False
A-054577,EdTech,Basic,392,monthly,,,
A-054577,EdTech,Basic,14925,monthly,,,
A-054577,EdTech,Basic,343,annual,,,
A-054577,EdTech,Basic,475,annual,,,
A-054577,EdTech,Basic,456,annual,,,
A-054577,EdTech,Basic,2786,monthly,,,
A-054577,EdTech,Basic,597,annual,,,
A-054577,EdTech,Basic,0,monthly,,,
A-054577,EdTech,Basic,16915,monthly,,,
A-054577,EdTech,Basic,980,annual,,,
A-054577,EdTech,Basic,1710,monthly,,,
A-054577,EdTech,Basic,1421,monthly,,,
A-054577,EdTech,Basic,1715,monthly,,,
A-054577,EdTech,Basic,646,monthly,,,
A-054577,EdTech,Basic,784,monthly,,,
A-054577,EdTech,Basic,456,monthly,,,
A-05d3b3,DevTools,Basic,441,monthly,"2024-03-12",unknown,False
A-05d3b3,DevTools,Basic,2587,monthly,"2024-03-12",unknown,False
A-05d3b3,DevTools,Basic,209,annual,"2024-03-12",unknown,False
A-05d3b3,DevTools,Basic,0,monthly,"2024-03-12",unknown,False
A-05d3b3,DevTools,Basic,171,annual,"2024-03-12",unknown,False
A-05d3b3,DevTools,Basic,0,monthly,"2024-03-12",unknown,False
A-05d3b3,DevTools,Basic,171,monthly,"2024-03-12",unknown,False
A-05d3b3,DevTools,Basic,0,annual,"2024-03-12",unknown,False
A-05d3b3,DevTools,Basic,3781,annual,"2024-03-12",unknown,False
A-05d3b3,DevTools,Basic,456,annual,"2024-03-12",unknown,False
A-05d3b3,DevTools,Basic,532,annual,"2024-03-12",unknown,False
A-05d3b3,DevTools,Basic,3184,monthly,"2024-03-12",unknown,False
A-05d3b3,DevTools,Basic,1078,annual,"2024-03-12",unknown,False
A-05d3b3,DevTools,Basic,441,monthly,"2024-09-09",unknown,False
A-05d3b3,DevTools,Basic,2587,monthly,"2024-09-09",unknown,False
A-05d3b3,DevTools,Basic,209,annual,"2024-09-09",unknown,False
A-05d3b3,DevTools,Basic,0,monthly,"2024-09-09",unknown,False
A-05d3b3,DevTools,Basic,171,annual,"2024-09-09",unknown,False
A-05d3b3,DevTools,Basic,0,monthly,"2024-09-09",unknown,False
A-05d3b3,DevTools,Basic,171,monthly,"2024-09-09",unknown,False
A-05d3b3,DevTools,Basic,0,annual,"2024-09-09",unknown,False
A-05d3b3,DevTools,Basic,3781,annual,"2024-09-09",unknown,False
A-05d3b3,DevTools,Basic,456,annual,"2024-09-09",unknown,False
A-05d3b3,DevTools,Basic,532,annual,"2024-09-09",unknown,False
A-05d3b3,DevTools,Basic,3184,monthly,"2024-09-09",unknown,False
A-05d3b3,DevTools,Basic,1078,annual,"2024-09-09",unknown,False
A-05f0e5,FinTech,Basic,18308,monthly,"2024-11-25",features,False
A-05f0e5,FinTech,Basic,1568,annual,"2024-11-25",features,False
A-05f0e5,FinTech,Basic,6368,annual,"2024-11-25",features,False
A-05f0e5,FinTech,Basic,6368,monthly,"2024-11-25",features,False
A-05f0e5,FinTech,Basic,2254,annual,"2024-11-25",features,False
A-05f0e5,FinTech,Basic,1064,annual,"2024-11-25",features,False
A-05f0e5,FinTech,Basic,2842,annual,"2024-11-25",features,False
A-05f0e5,FinTech,Basic,608,annual,"2024-11-25",features,False
A-05f0e5,FinTech,Basic,1568,monthly,"2024-11-25",features,False
A-05f0e5,FinTech,Basic,3185,annual,"2024-11-25",features,False
A-05f0e5,FinTech,Basic,608,annual,"2024-11-25",features,False
A-05f0e5,FinTech,Basic,6368,monthly,"2024-11-25",features,False
A-05f0e5,FinTech,Basic,18308,monthly,"2024-01-14",unknown,False
A-05f0e5,FinTech,Basic,1568,annual,"2024-01-14",unknown,False
A-05f0e5,FinTech,Basic,6368,annual,"2024-01-14",unknown,False
A-05f0e5,FinTech,Basic,6368,monthly,"2024-01-14",unknown,False
A-05f0e5,FinTech,Basic,2254,annual,"2024-01-14",unknown,False
A-05f0e5,FinTech,Basic,1064,annual,"2024-01-14",unknown,False
A-05f0e5,FinTech,Basic,2842,annual,"2024-01-14",unknown,False
A-05f0e5,FinTech,Basic,608,annual,"2024-01-14",unknown,False
A-05f0e5,FinTech,Basic,1568,monthly,"2024-01-14",unknown,False
A-05f0e5,FinTech,Basic,3185,annual,"2024-01-14",unknown,False
A-05f0e5,FinTech,Basic,608,annual,"2024-01-14",unknown,False
A-05f0e5,FinTech,Basic,6368,monthly,"2024-01-14",unknown,False
A-0651a4,HealthTech,Pro,12935,annual,"2024-12-25",support,False
A-0651a4,HealthTech,Pro,304,monthly,"2024-12-25",support,False
A-0651a4,HealthTech,Pro,3781,annual,"2024-12-25",support,False
A-0651a4,HealthTech,Pro,11940,annual,"2024-12-25",support,False
A-0651a4,HealthTech,Pro,784,monthly,"2024-12-25",support,False
A-0651a4,HealthTech,Pro,0,annual,"2024-12-25",support,False
A-0651a4,HealthTech,Pro,0,annual,"2024-12-25",support,False
A-0651a4,HealthTech,Pro,304,annual,"2024-12-25",support,False
A-0651a4,HealthTech,Pro,784,monthly,"2024-12-25",support,False
A-0651a4,HealthTech,Pro,3184,monthly,"2024-12-25",support,False
A-0651a4,HealthTech,Pro,3184,annual,"2024-12-25",support,False
A-0651a4,HealthTech,Pro,0,annual,"2024-12-25",support,False
A-0651a4,HealthTech,Pro,399,annual,"2024-12-25",support,False
A-0651a4,HealthTech,Pro,3781,annual,"2024-12-25",support,False
A-0651a4,HealthTech,Pro,3184,monthly,"2024-12-25",support,False
A-0651a4,HealthTech,Pro,12935,annual,"2024-11-22",features,True
A-0651a4,HealthTech,Pro,304,monthly,"2024-11-22",features,True
A-0651a4,HealthTech,Pro,3781,annual,"2024-11-22",features,True
A-0651a4,HealthTech,Pro,11940,annual,"2024-11-22",features,True
A-0651a4,HealthTech,Pro,784,monthly,"2024-11-22",features,True
A-0651a4,HealthTech,Pro,0,annual,"2024-11-22",features,True
A-0651a4,HealthTech,Pro,0,annual,"2024-11-22",features,True
A-0651a4,HealthTech,Pro,304,annual,"2024-11-22",features,True
A-0651a4,HealthTech,Pro,784,monthly,"2024-11-22",features,True
A-0651a4,HealthTech,Pro,3184,monthly,"2024-11-22",features,True
A-0651a4,HealthTech,Pro,3184,annual,"2024-11-22",features,True
A-0651a4,HealthTech,Pro,0,annual,"2024-11-22",features,True
A-0651a4,HealthTech,Pro,399,annual,"2024-11-22",features,True
A-0651a4,HealthTech,Pro,3781,annual,"2024-11-22",features,True
A-0651a4,HealthTech,Pro,3184,monthly,"2024-11-22",features,True
A-068fc6,EdTech,Enterprise,1715,monthly,,,
A-068fc6,EdTech,Enterprise,1715,monthly,,,
A-068fc6,EdTech,Enterprise,6965,monthly,,,
A-068fc6,EdTech,Enterprise,1715,monthly,,,
A-068fc6,EdTech,Enterprise,665,monthly,,,
A-068fc6,EdTech,Enterprise,1715,monthly,,,
A-068fc6,EdTech,Enterprise,6965,annual,,,
A-068fc6,EdTech,Enterprise,6965,monthly,,,
A-068fc6,EdTech,Enterprise,665,monthly,,,
A-068fc6,EdTech,Enterprise,0,annual,,,
A-075038,HealthTech,Basic,833,annual,"2024-09-05",features,False
A-075038,HealthTech,Basic,323,annual,"2024-09-05",features,False
A-075038,HealthTech,Basic,0,annual,"2024-09-05",features,False
A-075038,HealthTech,Basic,2450,monthly,"2024-09-05",features,False
A-075038,HealthTech,Basic,323,monthly,"2024-09-05",features,False
A-075038,HealthTech,Basic,5047,annual,"2024-09-05",features,False
A-075038,HealthTech,Basic,0,annual,"2024-09-05",features,False
A-075038,HealthTech,Basic,0,monthly,"2024-09-05",features,False
A-075038,HealthTech,Basic,3383,annual,"2024-09-05",features,False
A-075038,HealthTech,Basic,3383,monthly,"2024-09-05",features,False
A-075038,HealthTech,Basic,833,monthly,"2024-09-05",features,False
A-075038,HealthTech,Basic,833,monthly,"2024-09-05",features,False
A-075038,HealthTech,Basic,703,annual,"2024-09-05",features,False
A-075038,HealthTech,Basic,798,monthly,"2024-09-05",features,False
A-089363,FinTech,Basic,209,annual,"2023-11-27",pricing,False
A-089363,FinTech,Basic,0,monthly,"2023-11-27",pricing,False
A-089363,FinTech,Basic,0,annual,"2023-11-27",pricing,False
A-089363,FinTech,Basic,1274,monthly,"2023-11-27",pricing,False
A-089363,FinTech,Basic,1990,annual,"2023-11-27",pricing,False
A-089363,FinTech,Basic,2985,monthly,"2023-11-27",pricing,False
A-089363,FinTech,Basic,0,monthly,"2023-11-27",pricing,False
A-089363,FinTech,Basic,98,annual,"2023-11-27",pricing,False
A-089363,FinTech,Basic,760,monthly,"2023-11-27",pricing,False
A-089363,FinTech,Basic,8557,annual,"2023-11-27",pricing,False
A-089363,FinTech,Basic,57,annual,"2023-11-27",pricing,False
A-089363,FinTech,Basic,5174,monthly,"2023-11-27",pricing,False
A-089363,FinTech,Basic,0,monthly,"2023-11-27",pricing,False
A-089363,FinTech,Basic,0,annual,"2023-11-27",pricing,False
A-08e34e,EdTech,Basic,686,annual,"2024-07-13",competitor,False
A-08e34e,EdTech,Basic,5970,annual,"2024-07-13",competitor,False
A-08e34e,EdTech,Basic,931,annual,"2024-07-13",competitor,False
A-08e34e,EdTech,Basic,0,annual,"2024-07-13",competitor,False
A-08e34e,EdTech,Basic,0,monthly,"2024-07-13",competitor,False
A-08e34e,EdTech,Basic,5771,monthly,"2024-07-13",competitor,False
A-08e34e,EdTech,Basic,686,monthly,"2024-07-13",competitor,False
A-08e34e,EdTech,Basic,686,annual,"2024-07-13",competitor,False
A-08e34e,EdTech,Basic,2786,monthly,"2024-07-13",competitor,False
A-08e34e,EdTech,Basic,1463,annual,"2024-07-13",competitor,False
A-08e34e,EdTech,Basic,2842,monthly,"2024-07-13",competitor,False
A-08e34e,EdTech,Basic,686,annual,"2024-09-01",features,False
A-08e34e,EdTech,Basic,5970,annual,"2024-09-01",features,False
A-08e34e,EdTech,Basic,931,annual,"2024-09-01",features,False
A-08e34e,EdTech,Basic,0,annual,"2024-09-01",features,False
A-08e34e,EdTech,Basic,0,monthly,"2024-09-01",features,False
A-08e34e,EdTech,Basic,5771,monthly,"2024-09-01",features,False
A-08e34e,EdTech,Basic,686,monthly,"2024-09-01",features,False
A-08e34e,EdTech,Basic,686,annual,"2024-09-01",features,False
A-08e34e,EdTech,Basic,2786,monthly,"2024-09-01",features,False
A-08e34e,EdTech,Basic,1463,annual,"2024-09-01",features,False
A-08e34e,EdTech,Basic,2842,monthly,"2024-09-01",features,False
A-09316c,FinTech,Enterprise,3430,annual,"2024-12-05",unknown,False
A-09316c,FinTech,Enterprise,1330,monthly,"2024-12-05",unknown,False
A-09316c,FinTech,Enterprise,13930,monthly,"2024-12-05",unknown,False
A-09316c,FinTech,Enterprise,13930,annual,"2024-12-05",unknown,False
A-09316c,FinTech,Enterprise,13930,annual,"2024-12-05",unknown,False
A-09316c,FinTech,Enterprise,0,monthly,"2024-12-05",unknown,False
A-09316c,FinTech,Enterprise,13930,annual,"2024-12-05",unknown,False
A-09316c,FinTech,Enterprise,3430,annual,"2024-12-05",unknown,False
A-09316c,FinTech,Enterprise,3430,monthly,"2024-12-05",unknown,False
A-09316c,FinTech,Enterprise,1330,annual,"2024-12-05",unknown,False
A-09316c,FinTech,Enterprise,1330,monthly,"2024-12-05",unknown,False
A-09540c,Cybersecurity,Basic,3283,annual,"2024-03-05",unknown,False
A-09540c,Cybersecurity,Basic,3283,monthly,"2024-03-05",unknown,False
A-09540c,Cybersecurity,Basic,1273,monthly,"2024-03-05",unknown,False
A-09540c,Cybersecurity,Basic,1273,annual,"2024-03-05",unknown,False
A-09540c,Cybersecurity,Basic,13333,monthly,"2024-03-05",unknown,False
A-09540c,Cybersecurity,Basic,1273,monthly,"2024-03-05",unknown,False
A-098560,DevTools,Enterprise,796,monthly,"2024-09-04",pricing,False
A-098560,DevTools,Enterprise,588,monthly,"2024-09-04",pricing,False
A-098560,DevTools,Enterprise,0,monthly,"2024-09-04",pricing,False
A-098560,DevTools,Enterprise,1225,monthly,"2024-09-04",pricing,False
A-098560,DevTools,Enterprise,551,annual,"2024-09-04",pricing,False
A-098560,DevTools,Enterprise,1715,annual,"2024-09-04",pricing,False
A-098560,DevTools,Enterprise,190,monthly,"2024-09-04",pricing,False
A-098560,DevTools,Enterprise,133,annual,"2024-09-04",pricing,False
A-098560,DevTools,Enterprise,597,annual,"2024-09-04",pricing,False
A-098560,DevTools,Enterprise,760,monthly,"2024-09-04",pricing,False
A-098560,DevTools,Enterprise,5771,monthly,"2024-09-04",pricing,False
A-098560,DevTools,Enterprise,796,monthly,"2024-05-30",support,False
A-098560,DevTools,Enterprise,588,monthly,"2024-05-30",support,False
A-098560,DevTools,Enterprise,0,monthly,"2024-05-30",support,False
A-098560,DevTools,Enterprise,1225,monthly,"2024-05-30",support,False
A-098560,DevTools,Enterprise,551,annual,"2024-05-30",support,False
A-098560,DevTools,Enterprise,1715,annual,"2024-05-30",support,False
A-098560,DevTools,Enterprise,190,monthly,"2024-05-30",support,False
A-098560,DevTools,Enterprise,133,annual,"2024-05-30",support,False
A-098560,DevTools,Enterprise,597,annual,"2024-05-30",support,False
A-098560,DevTools,Enterprise,760,monthly,"2024-05-30",support,False
A-098560,DevTools,Enterprise,5771,monthly,"2024-05-30",support,False
A-0a282f,DevTools,Basic,0,annual,"2024-10-06",features,False
A-0a282f,DevTools,Basic,882,monthly,"2024-10-06",features,False
A-0a282f,DevTools,Basic,3781,annual,"2024-10-06",features,False
A-0a282f,DevTools,Basic,196,monthly,"2024-10-06",features,False
A-0a282f,DevTools,Basic,760,monthly,"2024-10-06",features,False
A-0a282f,DevTools,Basic,1194,annual,"2024-10-06",features,False
A-0a282f,DevTools,Basic,114,monthly,"2024-10-06",features,False
A-0a282f,DevTools,Basic,1140,monthly,"2024-10-06",features,False
A-0a282f,DevTools,Basic,5771,monthly,"2024-10-06",features,False
A-0a282f,DevTools,Basic,398,monthly,"2024-10-06",features,False
A-0a282f,DevTools,Basic,2695,monthly,"2024-10-06",features,False
A-0a282f,DevTools,Basic,49,annual,"2024-10-06",features,False
A-0a282f,DevTools,Basic,228,annual,"2024-10-06",features,False
A-0a282f,DevTools,Basic,980,annual,"2024-10-06",features,False
A-0a282f,DevTools,Basic,98,annual,"2024-10-06",features,False
A-0a282f,DevTools,Basic,0,annual,"2024-12-31",support,True
A-0a282f,DevTools,Basic,882,monthly,"2024-12-31",support,True
A-0a282f,DevTools,Basic,3781,annual,"2024-12-31",support,True
A-0a282f,DevTools,Basic,196,monthly,"2024-12-31",support,True
A-0a282f,DevTools,Basic,760,monthly,"2024-12-31",support,True
A-0a282f,DevTools,Basic,1194,annual,"2024-12-31",support,True
A-0a282f,DevTools,Basic,114,monthly,"2024-12-31",support,True
A-0a282f,DevTools,Basic,1140,monthly,"2024-12-31",support,True
A-0a282f,DevTools,Basic,5771,monthly,"2024-12-31",support,True
A-0a282f,DevTools,Basic,398,monthly,"2024-12-31",support,True
A-0a282f,DevTools,Basic,2695,monthly,"2024-12-31",support,True
A-0a282f,DevTools,Basic,49,annual,"2024-12-31",support,True
A-0a282f,DevTools,Basic,228,annual,"2024-12-31",support,True
A-0a282f,DevTools,Basic,980,annual,"2024-12-31",support,True
A-0a282f,DevTools,Basic,98,annual,"2024-12-31",support,True
A-0a62f5,FinTech,Pro,784,annual,"2024-10-10",features,False
A-0a62f5,FinTech,Pro,475,monthly,"2024-10-10",features,False
A-0a62f5,FinTech,Pro,418,annual,"2024-10-10",features,False
A-0a62f5,FinTech,Pro,3184,monthly,"2024-10-10",features,False
A-0a62f5,FinTech,Pro,784,annual,"2024-09-27",pricing,False
A-0a62f5,FinTech,Pro,475,monthly,"2024-09-27",pricing,False
A-0a62f5,FinTech,Pro,418,annual,"2024-09-27",pricing,False
A-0a62f5,FinTech,Pro,3184,monthly,"2024-09-27",pricing,False
A-0a62f5,FinTech,Pro,784,annual,"2024-12-18",budget,False
A-0a62f5,FinTech,Pro,475,monthly,"2024-12-18",budget,False
A-0a62f5,FinTech,Pro,418,annual,"2024-12-18",budget,False
A-0a62f5,FinTech,Pro,3184,monthly,"2024-12-18",budget,False
A-0a62f5,FinTech,Pro,784,annual,"2024-12-27",support,False
A-0a62f5,FinTech,Pro,475,monthly,"2024-12-27",support,False
A-0a62f5,FinTech,Pro,418,annual,"2024-12-27",support,False
A-0a62f5,FinTech,Pro,3184,monthly,"2024-12-27",support,False
A-0a62f5,FinTech,Pro,784,annual,"2024-12-07",budget,True
A-0a62f5,FinTech,Pro,475,monthly,"2024-12-07",budget,True
A-0a62f5,FinTech,Pro,418,annual,"2024-12-07",budget,True
A-0a62f5,FinTech,Pro,3184,monthly,"2024-12-07",budget,True
A-0aaf6e,FinTech,Enterprise,456,annual,,,
A-0aaf6e,FinTech,Enterprise,57,monthly,,,
A-0aaf6e,FinTech,Enterprise,17512,annual,,,
A-0aaf6e,FinTech,Enterprise,76,monthly,,,
A-0aaf6e,FinTech,Enterprise,0,annual,,,
A-0aaf6e,FinTech,Enterprise,0,monthly,,,
A-0aaf6e,FinTech,Enterprise,3582,monthly,,,
A-0aaf6e,FinTech,Enterprise,588,annual,,,
A-0aaf6e,FinTech,Enterprise,1813,monthly,,,
A-0b0d6d,DevTools,Pro,57,monthly,"2024-12-31",competitor,False
A-0b0d6d,DevTools,Pro,147,monthly,"2024-12-31",competitor,False
A-0b0d6d,DevTools,Pro,1078,annual,"2024-12-31",competitor,False
A-0b0d6d,DevTools,Pro,882,monthly,"2024-12-31",competitor,False
A-0b0d6d,DevTools,Pro,8955,monthly,"2024-12-31",competitor,False
A-0b0d6d,DevTools,Pro,247,monthly,"2024-12-31",competitor,False
A-0b0d6d,DevTools,Pro,475,annual,"2024-12-31",competitor,False
A-0b0d6d,DevTools,Pro,10348,annual,"2024-12-31",competitor,False
A-0b0d6d,DevTools,Pro,294,annual,"2024-12-31",competitor,False
A-0b0d6d,DevTools,Pro,2587,annual,"2024-12-31",competitor,False
A-0b0d6d,DevTools,Pro,1029,annual,"2024-12-31",competitor,False
A-0b0d6d,DevTools,Pro,228,monthly,"2024-12-31",competitor,False
A-0b0d6d,DevTools,Pro,7164,annual,"2024-12-31",competitor,False
A-0baac2,FinTech,Enterprise,627,annual,"2024-12-24",unknown,False
A-0baac2,FinTech,Enterprise,2786,annual,"2024-12-24",unknown,False
A-0baac2,FinTech,Enterprise,2786,monthly,"2024-12-24",unknown,False
A-0baac2,FinTech,Enterprise,361,monthly,"2024-12-24",unknown,False
A-0baac2,FinTech,Enterprise,6169,annual,"2024-12-24",unknown,False
A-0baac2,FinTech,Enterprise,5771,annual,"2024-12-24",unknown,False
A-0baac2,FinTech,Enterprise,627,annual,"2024-10-18",features,False
A-0baac2,FinTech,Enterprise,2786,annual,"2024-10-18",features,False
A-0baac2,FinTech,Enterprise,2786,monthly,"2024-10-18",features,False
A-0baac2,FinTech,Enterprise,361,monthly,"2024-10-18",features,False
A-0baac2,FinTech,Enterprise,6169,annual,"2024-10-18",features,False
A-0baac2,FinTech,Enterprise,5771,annual,"2024-10-18",features,False
A-0baac2,FinTech,Enterprise,627,annual,"2024-07-15",unknown,False
A-0baac2,FinTech,Enterprise,2786,annual,"2024-07-15",unknown,False
A-0baac2,FinTech,Enterprise,2786,monthly,"2024-07-15",unknown,False
A-0baac2,FinTech,Enterprise,361,monthly,"2024-07-15",unknown,False
A-0baac2,FinTech,Enterprise,6169,annual,"2024-07-15",unknown,False
A-0baac2,FinTech,Enterprise,5771,annual,"2024-07-15",unknown,False
A-0baac2,FinTech,Enterprise,627,annual,"2024-09-30",pricing,False
A-0baac2,FinTech,Enterprise,2786,annual,"2024-09-30",pricing,False
A-0baac2,FinTech,Enterprise,2786,monthly,"2024-09-30",pricing,False
A-0baac2,FinTech,Enterprise,361,monthly,"2024-09-30",pricing,False
A-0baac2,FinTech,Enterprise,6169,annual,"2024-09-30",pricing,False
A-0baac2,FinTech,Enterprise,5771,annual,"2024-09-30",pricing,False
A-0be015,FinTech,Pro,0,monthly,"2024-12-13",unknown,False
A-0be015,FinTech,Pro,361,annual,"2024-12-13",unknown,False
A-0be015,FinTech,Pro,0,monthly,"2024-12-13",unknown,False
A-0be015,FinTech,Pro,361,annual,"2024-12-13",unknown,False
A-0be015,FinTech,Pro,456,monthly,"2024-12-13",unknown,False
A-0cc442,EdTech,Basic,2205,monthly,"2024-10-23",budget,False
A-0cc442,EdTech,Basic,855,monthly,"2024-10-23",budget,False
A-0cc442,EdTech,Basic,0,monthly,"2024-10-23",budget,False
A-0cc442,EdTech,Basic,8955,annual,"2024-10-23",budget,False
A-0cc442,EdTech,Basic,8955,annual,"2024-10-23",budget,False
A-0cc442,EdTech,Basic,8955,annual,"2024-10-23",budget,False
A-0cc442,EdTech,Basic,10547,annual,"2024-10-23",budget,False
A-0cc442,EdTech,Basic,855,annual,"2024-10-23",budget,False
A-0cc442,EdTech,Basic,0,monthly,"2024-10-23",budget,False
A-0cc442,EdTech,Basic,8955,monthly,"2024-10-23",budget,False
A-0cc442,EdTech,Basic,8955,monthly,"2024-10-23",budget,False
A-0cc442,EdTech,Basic,1843,monthly,"2024-10-23",budget,False
A-0cc442,EdTech,Basic,855,monthly,"2024-10-23",budget,False
A-0cc442,EdTech,Basic,2205,monthly,"2024-07-20",pricing,False
A-0cc442,EdTech,Basic,855,monthly,"2024-07-20",pricing,False
A-0cc442,EdTech,Basic,0,monthly,"2024-07-20",pricing,False
A-0cc442,EdTech,Basic,8955,annual,"2024-07-20",pricing,False
A-0cc442,EdTech,Basic,8955,annual,"2024-07-20",pricing,False
A-0cc442,EdTech,Basic,8955,annual,"2024-07-20",pricing,False
A-0cc442,EdTech,Basic,10547,annual,"2024-07-20",pricing,False
A-0cc442,EdTech,Basic,855,annual,"2024-07-20",pricing,False
A-0cc442,EdTech,Basic,0,monthly,"2024-07-20",pricing,False
A-0cc442,EdTech,Basic,8955,monthly,"2024-07-20",pricing,False
A-0cc442,EdTech,Basic,8955,monthly,"2024-07-20",pricing,False
A-0cc442,EdTech,Basic,1843,monthly,"2024-07-20",pricing,False
A-0cc442,EdTech,Basic,855,monthly,"2024-07-20",pricing,False
A-0cc442,EdTech,Basic,2205,monthly,"2024-09-26",budget,False
A-0cc442,EdTech,Basic,855,monthly,"2024-09-26",budget,False
A-0cc442,EdTech,Basic,0,monthly,"2024-09-26",budget,False
A-0cc442,EdTech,Basic,8955,annual,"2024-09-26",budget,False
A-0cc442,EdTech,Basic,8955,annual,"2024-09-26",budget,False
A-0cc442,EdTech,Basic,8955,annual,"2024-09-26",budget,False
A-0cc442,EdTech,Basic,10547,annual,"2024-09-26",budget,False
A-0cc442,EdTech,Basic,855,annual,"2024-09-26",budget,False
A-0cc442,EdTech,Basic,0,monthly,"2024-09-26",budget,False
A-0cc442,EdTech,Basic,8955,monthly,"2024-09-26",budget,False
A-0cc442,EdTech,Basic,8955,monthly,"2024-09-26",budget,False
A-0cc442,EdTech,Basic,1843,monthly,"2024-09-26",budget,False
A-0cc442,EdTech,Basic,855,monthly,"2024-09-26",budget,False
A-0cc442,EdTech,Basic,2205,monthly,"2024-10-06",unknown,False
A-0cc442,EdTech,Basic,855,monthly,"2024-10-06",unknown,False
A-0cc442,EdTech,Basic,0,monthly,"2024-10-06",unknown,False
A-0cc442,EdTech,Basic,8955,annual,"2024-10-06",unknown,False
A-0cc442,EdTech,Basic,8955,annual,"2024-10-06",unknown,False
A-0cc442,EdTech,Basic,8955,annual,"2024-10-06",unknown,False
A-0cc442,EdTech,Basic,10547,annual,"2024-10-06",unknown,False
A-0cc442,EdTech,Basic,855,annual,"2024-10-06",unknown,False
A-0cc442,EdTech,Basic,0,monthly,"2024-10-06",unknown,False
A-0cc442,EdTech,Basic,8955,monthly,"2024-10-06",unknown,False
A-0cc442,EdTech,Basic,8955,monthly,"2024-10-06",unknown,False
A-0cc442,EdTech,Basic,1843,monthly,"2024-10-06",unknown,False
A-0cc442,EdTech,Basic,855,monthly,"2024-10-06",unknown,False
A-0dbdc6,Cybersecurity,Pro,2303,annual,"2024-04-14",pricing,False
A-0dbdc6,Cybersecurity,Pro,9950,monthly,"2024-04-14",pricing,False
A-0dbdc6,Cybersecurity,Pro,570,monthly,"2024-04-14",pricing,False
A-0dbdc6,Cybersecurity,Pro,1470,annual,"2024-04-14",pricing,False
A-0dbdc6,Cybersecurity,Pro,1470,annual,"2024-04-14",pricing,False
A-0dbdc6,Cybersecurity,Pro,5970,monthly,"2024-04-14",pricing,False
A-0dbdc6,Cybersecurity,Pro,0,annual,"2024-04-14",pricing,False
A-0dbdc6,Cybersecurity,Pro,5970,monthly,"2024-04-14",pricing,False
A-0dbdc6,Cybersecurity,Pro,570,monthly,"2024-04-14",pricing,False
A-0dbdc6,Cybersecurity,Pro,2303,annual,"2023-11-26",support,True
A-0dbdc6,Cybersecurity,Pro,9950,monthly,"2023-11-26",support,True
A-0dbdc6,Cybersecurity,Pro,570,monthly,"2023-11-26",support,True
A-0dbdc6,Cybersecurity,Pro,1470,annual,"2023-11-26",support,True
A-0dbdc6,Cybersecurity,Pro,1470,annual,"2023-11-26",support,True
A-0dbdc6,Cybersecurity,Pro,5970,monthly,"2023-11-26",support,True
A-0dbdc6,Cybersecurity,Pro,0,annual,"2023-11-26",support,True
A-0dbdc6,Cybersecurity,Pro,5970,monthly,"2023-11-26",support,True
A-0dbdc6,Cybersecurity,Pro,570,monthly,"2023-11-26",support,True
A-0e966d,FinTech,Basic,2189,annual,,,
A-0e966d,FinTech,Basic,0,annual,,,
A-0e966d,FinTech,Basic,418,monthly,,,
A-0e966d,FinTech,Basic,209,monthly,,,
A-0e966d,FinTech,Basic,2793,monthly,,,
A-0e966d,FinTech,Basic,209,annual,,,
A-0e966d,FinTech,Basic,637,annual,,,
A-0e966d,FinTech,Basic,665,monthly,,,
A-0e966d,FinTech,Basic,209,annual,,,
A-0e966d,FinTech,Basic,4577,annual,,,
A-0e966d,FinTech,Basic,539,monthly,,,
A-0f3e88,HealthTech,Basic,343,monthly,"2024-08-11",budget,False
A-0f3e88,HealthTech,Basic,0,monthly,"2024-08-11",budget,False
A-0f3e88,HealthTech,Basic,323,monthly,"2024-08-11",budget,False
A-0f3e88,HealthTech,Basic,304,monthly,"2024-08-11",budget,False
A-0f3e88,HealthTech,Basic,1078,monthly,"2024-08-11",budget,False
A-0f3e88,HealthTech,Basic,266,annual,"2024-08-11",budget,False
A-0f3e88,HealthTech,Basic,456,monthly,"2024-08-11",budget,False
A-0f3e88,HealthTech,Basic,2189,monthly,"2024-08-11",budget,False
A-0f3e88,HealthTech,Basic,209,monthly,"2024-08-11",budget,False
A-0f3e88,HealthTech,Basic,133,annual,"2024-08-11",budget,False
A-0f3e88,HealthTech,Basic,323,annual,"2024-08-11",budget,False
A-0f6450,FinTech,Pro,0,monthly,"2024-12-29",competitor,False
A-0f6450,FinTech,Pro,532,monthly,"2024-12-29",competitor,False
A-0f6450,FinTech,Pro,5572,monthly,"2024-12-29",competitor,False
A-0f6450,FinTech,Pro,1372,monthly,"2024-12-29",competitor,False
A-0f6450,FinTech,Pro,5572,annual,"2024-12-29",competitor,False
A-0f6450,FinTech,Pro,532,annual,"2024-12-29",competitor,False
A-0f6450,FinTech,Pro,1372,monthly,"2024-12-29",competitor,False
A-0f6450,FinTech,Pro,1372,monthly,"2024-12-29",competitor,False
A-0f6450,FinTech,Pro,1372,monthly,"2024-12-29",competitor,False
A-0f6450,FinTech,Pro,5572,monthly,"2024-12-29",competitor,False
A-0f6450,FinTech,Pro,532,annual,"2024-12-29",competitor,False
A-0f6450,FinTech,Pro,0,monthly,"2024-12-30",competitor,True
A-0f6450,FinTech,Pro,532,monthly,"2024-12-30",competitor,True
A-0f6450,FinTech,Pro,5572,monthly,"2024-12-30",competitor,True
A-0f6450,FinTech,Pro,1372,monthly,"2024-12-30",competitor,True
A-0f6450,FinTech,Pro,5572,annual,"2024-12-30",competitor,True
A-0f6450,FinTech,Pro,532,annual,"2024-12-30",competitor,True
A-0f6450,FinTech,Pro,1372,monthly,"2024-12-30",competitor,True
A-0f6450,FinTech,Pro,1372,monthly,"2024-12-30",competitor,True
A-0f6450,FinTech,Pro,1372,monthly,"2024-12-30",competitor,True
A-0f6450,FinTech,Pro,5572,monthly,"2024-12-30",competitor,True
A-0f6450,FinTech,Pro,532,annual,"2024-12-30",competitor,True
A-0f7d77,FinTech,Pro,114,monthly,"2024-11-09",competitor,False
A-0f7d77,FinTech,Pro,0,monthly,"2024-11-09",competitor,False
A-0f7d77,FinTech,Pro,1393,monthly,"2024-11-09",competitor,False
A-0f7d77,FinTech,Pro,147,annual,"2024-11-09",competitor,False
A-0f7d77,FinTech,Pro,133,annual,"2024-11-09",competitor,False
A-0f7d77,FinTech,Pro,539,monthly,"2024-11-09",competitor,False
A-104f1a,Cybersecurity,Pro,646,monthly,"2024-09-06",support,False
A-104f1a,Cybersecurity,Pro,456,monthly,"2024-09-06",support,False
A-104f1a,Cybersecurity,Pro,1960,monthly,"2024-09-06",support,False
A-104f1a,Cybersecurity,Pro,0,annual,"2024-09-06",support,False
A-104f1a,Cybersecurity,Pro,1176,monthly,"2024-09-06",support,False
A-104f1a,Cybersecurity,Pro,1176,monthly,"2024-09-06",support,False
A-104f1a,Cybersecurity,Pro,1176,monthly,"2024-09-06",support,False
A-104f1a,Cybersecurity,Pro,6027,monthly,"2024-09-06",support,False
A-104f1a,Cybersecurity,Pro,646,monthly,"2024-09-09",features,False
A-104f1a,Cybersecurity,Pro,456,monthly,"2024-09-09",features,False
A-104f1a,Cybersecurity,Pro,1960,monthly,"2024-09-09",features,False
A-104f1a,Cybersecurity,Pro,0,annual,"2024-09-09",features,False
A-104f1a,Cybersecurity,Pro,1176,monthly,"2024-09-09",features,False
A-104f1a,Cybersecurity,Pro,1176,monthly,"2024-09-09",features,False
A-104f1a,Cybersecurity,Pro,1176,monthly,"2024-09-09",features,False
A-104f1a,Cybersecurity,Pro,6027,monthly,"2024-09-09",features,False
A-104f1a,Cybersecurity,Pro,646,monthly,"2024-12-11",unknown,False
A-104f1a,Cybersecurity,Pro,456,monthly,"2024-12-11",unknown,False
A-104f1a,Cybersecurity,Pro,1960,monthly,"2024-12-11",unknown,False
A-104f1a,Cybersecurity,Pro,0,annual,"2024-12-11",unknown,False
A-104f1a,Cybersecurity,Pro,1176,monthly,"2024-12-11",unknown,False
A-104f1a,Cybersecurity,Pro,1176,monthly,"2024-12-11",unknown,False
A-104f1a,Cybersecurity,Pro,1176,monthly,"2024-12-11",unknown,False
A-104f1a,Cybersecurity,Pro,6027,monthly,"2024-12-11",unknown,False
A-10b8da,DevTools,Enterprise,3383,monthly,,,
A-10b8da,DevTools,Enterprise,0,annual,,,
A-10b8da,DevTools,Enterprise,1666,monthly,,,
A-10b8da,DevTools,Enterprise,686,annual,,,
A-10b8da,DevTools,Enterprise,2786,monthly,,,
A-10b8da,DevTools,Enterprise,266,annual,,,
A-10b8f2,HealthTech,Basic,969,annual,"2024-06-04",support,False
A-10b8f2,HealthTech,Basic,2646,annual,"2024-06-04",support,False
A-10b8f2,HealthTech,Basic,9353,annual,"2024-06-04",support,False
A-10b8f2,HealthTech,Basic,2303,monthly,"2024-06-04",support,False
A-10b8f2,HealthTech,Basic,0,monthly,"2024-06-04",support,False
A-10b8f2,HealthTech,Basic,9353,annual,"2024-06-04",support,False
A-10b8f2,HealthTech,Basic,0,annual,"2024-06-04",support,False
A-10b8f2,HealthTech,Basic,893,monthly,"2024-06-04",support,False
A-10b8f2,HealthTech,Basic,2352,annual,"2024-06-04",support,False
A-10b8f2,HealthTech,Basic,0,annual,"2024-06-04",support,False
A-10b8f2,HealthTech,Basic,893,annual,"2024-06-04",support,False
A-10b8f2,HealthTech,Basic,1957,annual,"2024-06-04",support,False
A-117171,HealthTech,Basic,855,annual,"2024-10-13",budget,False
A-117171,HealthTech,Basic,0,monthly,"2024-10-13",budget,False
A-117171,HealthTech,Basic,0,monthly,"2024-10-13",budget,False
A-117171,HealthTech,Basic,8955,monthly,"2024-10-13",budget,False
A-117171,HealthTech,Basic,2205,annual,"2024-10-13",budget,False
A-117171,HealthTech,Basic,855,annual,"2024-10-22",features,False
A-117171,HealthTech,Basic,0,monthly,"2024-10-22",features,False
A-117171,HealthTech,Basic,0,monthly,"2024-10-22",features,False
A-117171,HealthTech,Basic,8955,monthly,"2024-10-22",features,False
A-117171,HealthTech,Basic,2205,annual,"2024-10-22",features,False
A-117171,HealthTech,Basic,855,annual,"2024-11-14",pricing,False
A-117171,HealthTech,Basic,0,monthly,"2024-11-14",pricing,False
A-117171,HealthTech,Basic,0,monthly,"2024-11-14",pricing,False
A-117171,HealthTech,Basic,8955,monthly,"2024-11-14",pricing,False
A-117171,HealthTech,Basic,2205,annual,"2024-11-14",pricing,False
A-118d55,Cybersecurity,Basic,7164,monthly,"2024-12-27",pricing,False
A-118d55,Cybersecurity,Basic,285,annual,"2024-12-27",pricing,False
A-118d55,Cybersecurity,Basic,1592,monthly,"2024-12-27",pricing,False
A-118d55,Cybersecurity,Basic,833,monthly,"2024-12-27",pricing,False
A-118d55,Cybersecurity,Basic,3184,monthly,"2024-12-27",pricing,False
A-118d55,Cybersecurity,Basic,342,annual,"2024-12-27",pricing,False
A-118d55,Cybersecurity,Basic,5771,monthly,"2024-12-27",pricing,False
A-118d55,Cybersecurity,Basic,539,monthly,"2024-12-27",pricing,False
A-118d55,Cybersecurity,Basic,588,annual,"2024-12-27",pricing,False
A-118d55,Cybersecurity,Basic,152,monthly,"2024-12-27",pricing,False
A-118d55,Cybersecurity,Basic,3184,annual,"2024-12-27",pricing,False
A-118d55,Cybersecurity,Basic,285,monthly,"2024-12-27",pricing,False
A-118d55,Cybersecurity,Basic,7164,monthly,"2024-11-25",unknown,True
A-118d55,Cybersecurity,Basic,285,annual,"2024-11-25",unknown,True
A-118d55,Cybersecurity,Basic,1592,monthly,"2024-11-25",unknown,True
A-118d55,Cybersecurity,Basic,833,monthly,"2024-11-25",unknown,True
A-118d55,Cybersecurity,Basic,3184,monthly,"2024-11-25",unknown,True
A-118d55,Cybersecurity,Basic,342,annual,"2024-11-25",unknown,True
A-118d55,Cybersecurity,Basic,5771,monthly,"2024-11-25",unknown,True
A-118d55,Cybersecurity,Basic,539,monthly,"2024-11-25",unknown,True
A-118d55,Cybersecurity,Basic,588,annual,"2024-11-25",unknown,True
A-118d55,Cybersecurity,Basic,152,monthly,"2024-11-25",unknown,True
A-118d55,Cybersecurity,Basic,3184,annual,"2024-11-25",unknown,True
A-118d55,Cybersecurity,Basic,285,monthly,"2024-11-25",unknown,True
A-118f1c,Cybersecurity,Pro,6368,monthly,"2024-12-17",budget,False
A-118f1c,Cybersecurity,Pro,608,monthly,"2024-12-17",budget,False
A-118f1c,Cybersecurity,Pro,6368,annual,"2024-12-17",budget,False
A-118f1c,Cybersecurity,Pro,6368,annual,"2024-12-17",budget,False
A-118f1c,Cybersecurity,Pro,0,annual,"2024-12-17",budget,False
A-118f1c,Cybersecurity,Pro,6368,annual,"2024-12-17",budget,False
A-118f1c,Cybersecurity,Pro,25472,annual,"2024-12-17",budget,False
A-118f1c,Cybersecurity,Pro,608,annual,"2024-12-17",budget,False
A-13466a,DevTools,Basic,38,annual,"2024-04-18",pricing,True
A-13466a,DevTools,Basic,0,monthly,"2024-04-18",pricing,True
A-13466a,DevTools,Basic,4378,annual,"2024-04-18",pricing,True
A-13466a,DevTools,Basic,171,annual,"2024-04-18",pricing,True
A-13466a,DevTools,Basic,7960,monthly,"2024-04-18",pricing,True
A-13466a,DevTools,Basic,796,monthly,"2024-04-18",pricing,True
A-13466a,DevTools,Basic,38,annual,"2023-11-18",support,False
A-13466a,DevTools,Basic,0,monthly,"2023-11-18",support,False
A-13466a,DevTools,Basic,4378,annual,"2023-11-18",support,False
A-13466a,DevTools,Basic,171,annual,"2023-11-18",support,False
A-13466a,DevTools,Basic,7960,monthly,"2023-11-18",support,False
A-13466a,DevTools,Basic,796,monthly,"2023-11-18",support,False
A-139c3b,HealthTech,Enterprise,3582,annual,,,
A-139c3b,HealthTech,Enterprise,2009,monthly,,,
A-139c3b,HealthTech,Enterprise,833,monthly,,,
A-139c3b,HealthTech,Enterprise,490,annual,,,
A-139c3b,HealthTech,Enterprise,1372,monthly,,,
A-139c3b,HealthTech,Enterprise,551,annual,,,
A-139c3b,HealthTech,Enterprise,0,annual,,,
A-139c3b,HealthTech,Enterprise,190,annual,,,
A-149a69,DevTools,Basic,646,monthly,"2024-12-04",pricing,False
A-149a69,DevTools,Basic,6766,annual,"2024-12-04",pricing,False
A-149a69,DevTools,Basic,646,monthly,"2024-12-04",pricing,False
A-151c9a,FinTech,Enterprise,1127,annual,"2023-11-04",support,False
A-151c9a,FinTech,Enterprise,2548,monthly,"2023-11-04",support,False
A-151c9a,FinTech,Enterprise,4577,annual,"2023-11-04",support,False
A-151c9a,FinTech,Enterprise,4577,monthly,"2023-11-04",support,False
A-151c9a,FinTech,Enterprise,1421,monthly,"2023-11-04",support,False
A-157070,FinTech,Pro,4577,monthly,"2024-12-27",features,False
A-157070,FinTech,Pro,513,annual,"2024-12-27",features,False
A-157070,FinTech,Pro,323,annual,"2024-12-27",features,False
A-157070,FinTech,Pro,3184,monthly,"2024-12-27",features,False
A-157070,FinTech,Pro,323,monthly,"2024-12-27",features,False
A-157070,FinTech,Pro,722,annual,"2024-12-27",features,False
A-157070,FinTech,Pro,0,annual,"2024-12-27",features,False
A-157070,FinTech,Pro,0,annual,"2024-12-27",features,False
A-157070,FinTech,Pro,3184,annual,"2024-12-27",features,False
A-157070,FinTech,Pro,513,monthly,"2024-12-27",features,False
A-157070,FinTech,Pro,784,annual,"2024-12-27",features,False
A-157070,FinTech,Pro,1470,monthly,"2024-12-27",features,False
A-157070,FinTech,Pro,882,monthly,"2024-12-27",features,False
A-157070,FinTech,Pro,3184,annual,"2024-12-27",features,False
A-157070,FinTech,Pro,882,monthly,"2024-12-27",features,False
A-157070,FinTech,Pro,6965,monthly,"2024-12-27",features,False
A-157070,FinTech,Pro,4577,monthly,"2024-01-06",features,False
A-157070,FinTech,Pro,513,annual,"2024-01-06",features,False
A-157070,FinTech,Pro,323,annual,"2024-01-06",features,False
A-157070,FinTech,Pro,3184,monthly,"2024-01-06",features,False
A-157070,FinTech,Pro,323,monthly,"2024-01-06",features,False
A-157070,FinTech,Pro,722,annual,"2024-01-06",features,False
A-157070,FinTech,Pro,0,annual,"2024-01-06",features,False
A-157070,FinTech,Pro,0,annual,"2024-01-06",features,False
A-157070,FinTech,Pro,3184,annual,"2024-01-06",features,False
A-157070,FinTech,Pro,513,monthly,"2024-01-06",features,False
A-157070,FinTech,Pro,784,annual,"2024-01-06",features,False
A-157070,FinTech,Pro,1470,monthly,"2024-01-06",features,False
A-157070,FinTech,Pro,882,monthly,"2024-01-06",features,False
A-157070,FinTech,Pro,3184,annual,"2024-01-06",features,False
A-157070,FinTech,Pro,882,monthly,"2024-01-06",features,False
A-157070,FinTech,Pro,6965,monthly,"2024-01-06",features,False
A-158f4e,FinTech,Enterprise,2989,annual,"2023-03-05",budget,False
A-158f4e,FinTech,Enterprise,2989,monthly,"2023-03-05",budget,False
A-158f4e,FinTech,Enterprise,12139,annual,"2023-03-05",budget,False
A-158f4e,FinTech,Enterprise,1159,monthly,"2023-03-05",budget,False
A-158f4e,FinTech,Enterprise,1159,monthly,"2023-03-05",budget,False
A-158f4e,FinTech,Enterprise,2989,annual,"2023-03-05",budget,False
A-158f4e,FinTech,Enterprise,2989,annual,"2023-03-05",budget,False
A-158f4e,FinTech,Enterprise,12139,monthly,"2023-03-05",budget,False
A-158f4e,FinTech,Enterprise,1159,annual,"2023-03-05",budget,False
A-158f4e,FinTech,Enterprise,1159,annual,"2023-03-05",budget,False
A-158f4e,FinTech,Enterprise,0,monthly,"2023-03-05",budget,False
A-158f4e,FinTech,Enterprise,2989,monthly,"2023-03-05",budget,False
A-158f4e,FinTech,Enterprise,2989,annual,"2024-12-04",features,False
A-158f4e,FinTech,Enterprise,2989,monthly,"2024-12-04",features,False
A-158f4e,FinTech,Enterprise,12139,annual,"2024-12-04",features,False
A-158f4e,FinTech,Enterprise,1159,monthly,"2024-12-04",features,False
A-158f4e,FinTech,Enterprise,1159,monthly,"2024-12-04",features,False
A-158f4e,FinTech,Enterprise,2989,annual,"2024-12-04",features,False
A-158f4e,FinTech,Enterprise,2989,annual,"2024-12-04",features,False
A-158f4e,FinTech,Enterprise,12139,monthly,"2024-12-04",features,False
A-158f4e,FinTech,Enterprise,1159,annual,"2024-12-04",features,False
A-158f4e,FinTech,Enterprise,1159,annual,"2024-12-04",features,False
A-158f4e,FinTech,Enterprise,0,monthly,"2024-12-04",features,False
A-158f4e,FinTech,Enterprise,2989,monthly,"2024-12-04",features,False
A-1619f8,DevTools,Pro,551,monthly,"2024-06-03",competitor,False
A-1619f8,DevTools,Pro,1421,annual,"2024-06-03",competitor,False
A-1619f8,DevTools,Pro,10945,annual,"2024-06-03",competitor,False
A-1619f8,DevTools,Pro,551,annual,"2024-06-03",competitor,False
A-1619f8,DevTools,Pro,0,monthly,"2024-06-03",competitor,False
A-1619f8,DevTools,Pro,551,monthly,"2024-06-03",competitor,False
A-1619f8,DevTools,Pro,5771,monthly,"2024-06-03",competitor,False
A-1619f8,DevTools,Pro,551,monthly,"2024-07-19",competitor,False
A-1619f8,DevTools,Pro,1421,annual,"2024-07-19",competitor,False
A-1619f8,DevTools,Pro,10945,annual,"2024-07-19",competitor,False
A-1619f8,DevTools,Pro,551,annual,"2024-07-19",competitor,False
A-1619f8,DevTools,Pro,0,monthly,"2024-07-19",competitor,False
A-1619f8,DevTools,Pro,551,monthly,"2024-07-19",competitor,False
A-1619f8,DevTools,Pro,5771,monthly,"2024-07-19",competitor,False
A-1619f8,DevTools,Pro,551,monthly,"2024-09-21",budget,False
A-1619f8,DevTools,Pro,1421,annual,"2024-09-21",budget,False
A-1619f8,DevTools,Pro,10945,annual,"2024-09-21",budget,False
A-1619f8,DevTools,Pro,551,annual,"2024-09-21",budget,False
A-1619f8,DevTools,Pro,0,monthly,"2024-09-21",budget,False
A-1619f8,DevTools,Pro,551,monthly,"2024-09-21",budget,False
A-1619f8,DevTools,Pro,5771,monthly,"2024-09-21",budget,False
A-17939a,HealthTech,Basic,684,monthly,,,
A-17939a,HealthTech,Basic,2587,monthly,,,
A-17939a,HealthTech,Basic,380,annual,,,
A-17939a,HealthTech,Basic,1519,annual,,,
A-17939a,HealthTech,Basic,1372,monthly,,,
A-17939a,HealthTech,Basic,266,annual,,,
A-17939a,HealthTech,Basic,1634,monthly,,,
A-17939a,HealthTech,Basic,0,monthly,,,
A-17939a,HealthTech,Basic,209,monthly,,,
A-17939a,HealthTech,Basic,49,annual,,,
A-17939a,HealthTech,Basic,969,monthly,,,
A-180abf,DevTools,Pro,0,annual,"2023-12-04",support,False
A-180abf,DevTools,Pro,1216,monthly,"2023-12-04",support,False
A-180abf,DevTools,Pro,3136,monthly,"2023-12-04",support,False
A-180abf,DevTools,Pro,0,monthly,"2023-12-04",support,False
A-180abf,DevTools,Pro,12736,annual,"2023-12-04",support,False
A-180abf,DevTools,Pro,3136,monthly,"2023-12-04",support,False
A-180abf,DevTools,Pro,1216,annual,"2023-12-04",support,False
A-180abf,DevTools,Pro,12736,annual,"2023-12-04",support,False
A-180abf,DevTools,Pro,3136,monthly,"2023-12-04",support,False
A-180abf,DevTools,Pro,0,annual,"2024-09-12",support,False
A-180abf,DevTools,Pro,1216,monthly,"2024-09-12",support,False
A-180abf,DevTools,Pro,3136,monthly,"2024-09-12",support,False
A-180abf,DevTools,Pro,0,monthly,"2024-09-12",support,False
A-180abf,DevTools,Pro,12736,annual,"2024-09-12",support,False
A-180abf,DevTools,Pro,3136,monthly,"2024-09-12",support,False
A-180abf,DevTools,Pro,1216,annual,"2024-09-12",support,False
A-180abf,DevTools,Pro,12736,annual,"2024-09-12",support,False
A-180abf,DevTools,Pro,3136,monthly,"2024-09-12",support,False
A-180abf,DevTools,Pro,0,annual,"2024-03-09",support,True
A-180abf,DevTools,Pro,1216,monthly,"2024-03-09",support,True
A-180abf,DevTools,Pro,3136,monthly,"2024-03-09",support,True
A-180abf,DevTools,Pro,0,monthly,"2024-03-09",support,True
A-180abf,DevTools,Pro,12736,annual,"2024-03-09",support,True
A-180abf,DevTools,Pro,3136,monthly,"2024-03-09",support,True
A-180abf,DevTools,Pro,1216,annual,"2024-03-09",support,True
A-180abf,DevTools,Pro,12736,annual,"2024-03-09",support,True
A-180abf,DevTools,Pro,3136,monthly,"2024-03-09",support,True
A-180abf,DevTools,Pro,0,annual,"2024-05-08",support,False
A-180abf,DevTools,Pro,1216,monthly,"2024-05-08",support,False
A-180abf,DevTools,Pro,3136,monthly,"2024-05-08",support,False
A-180abf,DevTools,Pro,0,monthly,"2024-05-08",support,False
A-180abf,DevTools,Pro,12736,annual,"2024-05-08",support,False
A-180abf,DevTools,Pro,3136,monthly,"2024-05-08",support,False
A-180abf,DevTools,Pro,1216,annual,"2024-05-08",support,False
A-180abf,DevTools,Pro,12736,annual,"2024-05-08",support,False
A-180abf,DevTools,Pro,3136,monthly,"2024-05-08",support,False
A-180abf,DevTools,Pro,0,annual,"2024-05-04",competitor,False
A-180abf,DevTools,Pro,1216,monthly,"2024-05-04",competitor,False
A-180abf,DevTools,Pro,3136,monthly,"2024-05-04",competitor,False
A-180abf,DevTools,Pro,0,monthly,"2024-05-04",competitor,False
A-180abf,DevTools,Pro,12736,annual,"2024-05-04",competitor,False
A-180abf,DevTools,Pro,3136,monthly,"2024-05-04",competitor,False
A-180abf,DevTools,Pro,1216,annual,"2024-05-04",competitor,False
A-180abf,DevTools,Pro,12736,annual,"2024-05-04",competitor,False
A-180abf,DevTools,Pro,3136,monthly,"2024-05-04",competitor,False
A-186a44,HealthTech,Enterprise,0,annual,,,
A-186a44,HealthTech,Enterprise,380,monthly,,,
A-186a44,HealthTech,Enterprise,380,monthly,,,
A-186a44,HealthTech,Enterprise,980,annual,,,
A-186a44,HealthTech,Enterprise,380,monthly,,,
A-186a44,HealthTech,Enterprise,3980,monthly,,,
A-186a44,HealthTech,Enterprise,0,monthly,,,
A-186a44,HealthTech,Enterprise,0,monthly,,,
A-186a44,HealthTech,Enterprise,0,monthly,,,
A-186a44,HealthTech,Enterprise,4776,monthly,,,
A-186a44,HealthTech,Enterprise,380,annual,,,
A-186a44,HealthTech,Enterprise,0,monthly,,,
A-186a44,HealthTech,Enterprise,380,annual,,,
A-186a44,HealthTech,Enterprise,9353,annual,,,
A-18793f,EdTech,Basic,0,monthly,"2024-12-30",support,False
A-18793f,EdTech,Basic,2812,annual,"2024-12-30",support,False
A-18793f,EdTech,Basic,7252,monthly,"2024-12-30",support,False
A-18793f,EdTech,Basic,7252,monthly,"2024-12-30",support,False
A-18793f,EdTech,Basic,0,monthly,"2024-12-30",support,False
A-18793f,EdTech,Basic,7252,annual,"2024-12-30",support,False
A-18793f,EdTech,Basic,29452,annual,"2024-12-30",support,False
A-18793f,EdTech,Basic,7252,annual,"2024-12-30",support,False
A-18793f,EdTech,Basic,2812,annual,"2024-12-30",support,False
A-18793f,EdTech,Basic,7252,monthly,"2024-12-30",support,False
A-18793f,EdTech,Basic,7252,monthly,"2024-12-30",support,False
A-1986ca,HealthTech,Pro,3980,monthly,,,
A-1986ca,HealthTech,Pro,0,monthly,,,
A-1986ca,HealthTech,Pro,6169,monthly,,,
A-1986ca,HealthTech,Pro,5572,monthly,,,
A-1986ca,HealthTech,Pro,3980,monthly,,,
A-1986ca,HealthTech,Pro,3980,annual,,,
A-1986ca,HealthTech,Pro,3980,annual,,,
A-19b2c8,DevTools,Pro,3980,monthly,"2024-08-16",pricing,False
A-19b2c8,DevTools,Pro,456,annual,"2024-08-16",pricing,False
A-19b2c8,DevTools,Pro,5572,annual,"2024-08-16",pricing,False
A-19b2c8,DevTools,Pro,380,annual,"2024-08-16",pricing,False
A-19b2c8,DevTools,Pro,3980,annual,"2024-08-16",pricing,False
A-19b2c8,DevTools,Pro,380,annual,"2024-08-16",pricing,False
A-19b2c8,DevTools,Pro,980,monthly,"2024-08-16",pricing,False
A-19b2c8,DevTools,Pro,3980,monthly,"2024-08-16",pricing,False
A-19b2c8,DevTools,Pro,418,monthly,"2024-08-16",pricing,False
A-19b2c8,DevTools,Pro,3980,monthly,"2024-08-16",pricing,False
A-19b2c8,DevTools,Pro,0,monthly,"2024-08-16",pricing,False
A-19b2c8,DevTools,Pro,980,monthly,"2024-08-16",pricing,False
A-19b2c8,DevTools,Pro,1617,annual,"2024-08-16",pricing,False
A-1ac5e0,DevTools,Basic,0,monthly,,,
A-1ac5e0,DevTools,Basic,1617,monthly,,,
A-1ac5e0,DevTools,Basic,627,annual,,,
A-1ac5e0,DevTools,Basic,1617,monthly,,,
A-1ac5e0,DevTools,Basic,6567,annual,,,
A-1ac5e0,DevTools,Basic,0,monthly,,,
A-1ac5e0,DevTools,Basic,627,monthly,,,
A-1ac5e0,DevTools,Basic,627,annual,,,
A-1ac5e0,DevTools,Basic,6567,monthly,,,
A-1ac5e0,DevTools,Basic,0,monthly,,,
A-1b707d,Cybersecurity,Enterprise,0,annual,"2023-07-21",competitor,False
A-1b707d,Cybersecurity,Enterprise,343,annual,"2023-07-21",competitor,False
A-1b707d,Cybersecurity,Enterprise,637,monthly,"2023-07-21",competitor,False
A-1b707d,Cybersecurity,Enterprise,456,monthly,"2023-07-21",competitor,False
A-1b707d,Cybersecurity,Enterprise,152,annual,"2023-07-21",competitor,False
A-1b707d,Cybersecurity,Enterprise,3781,annual,"2023-07-21",competitor,False
A-1b707d,Cybersecurity,Enterprise,779,annual,"2023-07-21",competitor,False
A-1b707d,Cybersecurity,Enterprise,3184,monthly,"2023-07-21",competitor,False
A-1b7577,Cybersecurity,Pro,76,monthly,,,
A-1b7577,Cybersecurity,Pro,1791,annual,,,
A-1b7577,Cybersecurity,Pro,1194,annual,,,
A-1b7577,Cybersecurity,Pro,441,annual,,,
A-1b7577,Cybersecurity,Pro,539,monthly,,,
A-1b7577,Cybersecurity,Pro,796,monthly,,,
A-1b7577,Cybersecurity,Pro,2009,monthly,,,
A-1b7577,Cybersecurity,Pro,1539,monthly,,,
A-1b7577,Cybersecurity,Pro,0,annual,,,
A-1b7577,Cybersecurity,Pro,196,annual,,,
A-1b7577,Cybersecurity,Pro,190,monthly,,,
A-1b9609,EdTech,Enterprise,588,monthly,"2024-11-16",unknown,False
A-1b9609,EdTech,Enterprise,323,annual,"2024-11-16",unknown,False
A-1b9609,EdTech,Enterprise,931,monthly,"2024-11-16",unknown,False
A-1b9609,EdTech,Enterprise,196,annual,"2024-11-16",unknown,False
A-1b9609,EdTech,Enterprise,5970,monthly,"2024-11-16",unknown,False
A-1b9609,EdTech,Enterprise,995,monthly,"2024-11-16",unknown,False
A-1b9609,EdTech,Enterprise,196,annual,"2024-11-16",unknown,False
A-1b9609,EdTech,Enterprise,6965,annual,"2024-11-16",unknown,False
A-1b9609,EdTech,Enterprise,0,annual,"2024-11-16",unknown,False
A-1b9609,EdTech,Enterprise,342,annual,"2024-11-16",unknown,False
A-1b9609,EdTech,Enterprise,304,monthly,"2024-11-16",unknown,False
A-1b9609,EdTech,Enterprise,588,monthly,"2024-02-02",pricing,False
A-1b9609,EdTech,Enterprise,323,annual,"2024-02-02",pricing,False
A-1b9609,EdTech,Enterprise,931,monthly,"2024-02-02",pricing,False
A-1b9609,EdTech,Enterprise,196,annual,"2024-02-02",pricing,False
A-1b9609,EdTech,Enterprise,5970,monthly,"2024-02-02",pricing,False
A-1b9609,EdTech,Enterprise,995,monthly,"2024-02-02",pricing,False
A-1b9609,EdTech,Enterprise,196,annual,"2024-02-02",pricing,False
A-1b9609,EdTech,Enterprise,6965,annual,"2024-02-02",pricing,False
A-1b9609,EdTech,Enterprise,0,annual,"2024-02-02",pricing,False
A-1b9609,EdTech,Enterprise,342,annual,"2024-02-02",pricing,False
A-1b9609,EdTech,Enterprise,304,monthly,"2024-02-02",pricing,False
A-1b9609,EdTech,Enterprise,588,monthly,"2024-01-02",unknown,False
A-1b9609,EdTech,Enterprise,323,annual,"2024-01-02",unknown,False
A-1b9609,EdTech,Enterprise,931,monthly,"2024-01-02",unknown,False
A-1b9609,EdTech,Enterprise,196,annual,"2024-01-02",unknown,False
A-1b9609,EdTech,Enterprise,5970,monthly,"2024-01-02",unknown,False
A-1b9609,EdTech,Enterprise,995,monthly,"2024-01-02",unknown,False
A-1b9609,EdTech,Enterprise,196,annual,"2024-01-02",unknown,False
A-1b9609,EdTech,Enterprise,6965,annual,"2024-01-02",unknown,False
A-1b9609,EdTech,Enterprise,0,annual,"2024-01-02",unknown,False
A-1b9609,EdTech,Enterprise,342,annual,"2024-01-02",unknown,False
A-1b9609,EdTech,Enterprise,304,monthly,"2024-01-02",unknown,False
A-1d5444,Cybersecurity,Basic,8159,annual,"2024-06-01",support,False
A-1d5444,Cybersecurity,Basic,4776,monthly,"2024-06-01",support,False
A-1d5444,Cybersecurity,Basic,1176,annual,"2024-06-01",support,False
A-1d5444,Cybersecurity,Basic,0,annual,"2024-06-01",support,False
A-1d5444,Cybersecurity,Basic,8159,monthly,"2024-06-01",support,False
A-1d5444,Cybersecurity,Basic,0,annual,"2024-06-01",support,False
A-1d5444,Cybersecurity,Basic,456,annual,"2024-06-01",support,False
A-1d5444,Cybersecurity,Basic,456,annual,"2024-06-01",support,False
A-1d5444,Cybersecurity,Basic,456,annual,"2024-06-01",support,False
A-1d5444,Cybersecurity,Basic,456,monthly,"2024-06-01",support,False
A-1d5444,Cybersecurity,Basic,456,annual,"2024-06-01",support,False
A-1d5444,Cybersecurity,Basic,4776,monthly,"2024-06-01",support,False
A-1d5444,Cybersecurity,Basic,456,monthly,"2024-06-01",support,False
A-1d5444,Cybersecurity,Basic,1176,annual,"2024-06-01",support,False
A-1e1b80,FinTech,Enterprise,950,annual,"2024-11-13",features,False
A-1e1b80,FinTech,Enterprise,950,monthly,"2024-11-13",features,False
A-1e1b80,FinTech,Enterprise,9950,annual,"2024-11-13",features,False
A-1e1b80,FinTech,Enterprise,9950,annual,"2024-11-13",features,False
A-1e1b80,FinTech,Enterprise,0,annual,"2024-11-13",features,False
A-1e1b80,FinTech,Enterprise,950,monthly,"2024-11-13",features,False
A-1e1b80,FinTech,Enterprise,0,monthly,"2024-11-13",features,False
A-1e1b80,FinTech,Enterprise,9950,annual,"2024-11-13",features,False
A-1e1b80,FinTech,Enterprise,9950,monthly,"2024-11-13",features,False
A-1e1b80,FinTech,Enterprise,950,annual,"2024-11-13",features,False
A-1e1b80,FinTech,Enterprise,2597,monthly,"2024-11-13",features,False
A-1e1b80,FinTech,Enterprise,2450,monthly,"2024-11-13",features,False
A-1e1b80,FinTech,Enterprise,950,annual,"2024-10-14",competitor,False
A-1e1b80,FinTech,Enterprise,950,monthly,"2024-10-14",competitor,False
A-1e1b80,FinTech,Enterprise,9950,annual,"2024-10-14",competitor,False
A-1e1b80,FinTech,Enterprise,9950,annual,"2024-10-14",competitor,False
A-1e1b80,FinTech,Enterprise,0,annual,"2024-10-14",competitor,False
A-1e1b80,FinTech,Enterprise,950,monthly,"2024-10-14",competitor,False
A-1e1b80,FinTech,Enterprise,0,monthly,"2024-10-14",competitor,False
A-1e1b80,FinTech,Enterprise,9950,annual,"2024-10-14",competitor,False
A-1e1b80,FinTech,Enterprise,9950,monthly,"2024-10-14",competitor,False
A-1e1b80,FinTech,Enterprise,950,annual,"2024-10-14",competitor,False
A-1e1b80,FinTech,Enterprise,2597,monthly,"2024-10-14",competitor,False
A-1e1b80,FinTech,Enterprise,2450,monthly,"2024-10-14",competitor,False
A-1e1b80,FinTech,Enterprise,950,annual,"2023-10-04",competitor,False
A-1e1b80,FinTech,Enterprise,950,monthly,"2023-10-04",competitor,False
A-1e1b80,FinTech,Enterprise,9950,annual,"2023-10-04",competitor,False
A-1e1b80,FinTech,Enterprise,9950,annual,"2023-10-04",competitor,False
A-1e1b80,FinTech,Enterprise,0,annual,"2023-10-04",competitor,False
A-1e1b80,FinTech,Enterprise,950,monthly,"2023-10-04",competitor,False
A-1e1b80,FinTech,Enterprise,0,monthly,"2023-10-04",competitor,False
A-1e1b80,FinTech,Enterprise,9950,annual,"2023-10-04",competitor,False
A-1e1b80,FinTech,Enterprise,9950,monthly,"2023-10-04",competitor,False
A-1e1b80,FinTech,Enterprise,950,annual,"2023-10-04",competitor,False
A-1e1b80,FinTech,Enterprise,2597,monthly,"2023-10-04",competitor,False
A-1e1b80,FinTech,Enterprise,2450,monthly,"2023-10-04",competitor,False
A-1e50e0,Cybersecurity,Pro,0,annual,"2023-11-01",budget,False
A-1e50e0,Cybersecurity,Pro,3781,annual,"2023-11-01",budget,False
A-1e50e0,Cybersecurity,Pro,3781,monthly,"2023-11-01",budget,False
A-1e50e0,Cybersecurity,Pro,931,monthly,"2023-11-01",budget,False
A-1e50e0,Cybersecurity,Pro,4802,monthly,"2023-11-01",budget,False
A-1e50e0,Cybersecurity,Pro,0,annual,"2024-04-26",pricing,False
A-1e50e0,Cybersecurity,Pro,3781,annual,"2024-04-26",pricing,False
A-1e50e0,Cybersecurity,Pro,3781,monthly,"2024-04-26",pricing,False
A-1e50e0,Cybersecurity,Pro,931,monthly,"2024-04-26",pricing,False
